{
    "name": "root",
    "gauges": {
        "jumper.Policy.Entropy.mean": {
            "value": 1.3450764417648315,
            "min": 1.3006309270858765,
            "max": 2.112081527709961,
            "count": 1649
        },
        "jumper.Policy.Entropy.sum": {
            "value": 2743.9560546875,
            "min": 2460.0185546875,
            "max": 4528.302734375,
            "count": 1649
        },
        "jumper.Step.mean": {
            "value": 3297999.0,
            "min": 1969.0,
            "max": 3297999.0,
            "count": 1649
        },
        "jumper.Step.sum": {
            "value": 3297999.0,
            "min": 1969.0,
            "max": 3297999.0,
            "count": 1649
        },
        "jumper.Policy.ExtrinsicValueEstimate.mean": {
            "value": 0.915313184261322,
            "min": 0.1691078096628189,
            "max": 1.068006157875061,
            "count": 1649
        },
        "jumper.Policy.ExtrinsicValueEstimate.sum": {
            "value": 64.98723602294922,
            "min": 12.344869613647461,
            "max": 70.24290466308594,
            "count": 1649
        },
        "jumper.Environment.EpisodeLength.mean": {
            "value": 27.714285714285715,
            "min": 26.554054054054053,
            "max": 36.345454545454544,
            "count": 1649
        },
        "jumper.Environment.EpisodeLength.sum": {
            "value": 1940.0,
            "min": 1774.0,
            "max": 2127.0,
            "count": 1649
        },
        "jumper.Environment.CumulativeReward.mean": {
            "value": 3.7371422673974717,
            "min": 0.9088233477052521,
            "max": 5.067585430268584,
            "count": 1649
        },
        "jumper.Environment.CumulativeReward.sum": {
            "value": 261.59995871782303,
            "min": 61.79998764395714,
            "max": 298.4399621486664,
            "count": 1649
        },
        "jumper.Policy.ExtrinsicReward.mean": {
            "value": 3.7371422673974717,
            "min": 0.9088233477052521,
            "max": 5.067585430268584,
            "count": 1649
        },
        "jumper.Policy.ExtrinsicReward.sum": {
            "value": 261.59995871782303,
            "min": 61.79998764395714,
            "max": 298.4399621486664,
            "count": 1649
        },
        "jumper.IsTraining.mean": {
            "value": 1.0,
            "min": 1.0,
            "max": 1.0,
            "count": 1649
        },
        "jumper.IsTraining.sum": {
            "value": 1.0,
            "min": 1.0,
            "max": 1.0,
            "count": 1649
        },
        "jumper.Losses.PolicyLoss.mean": {
            "value": 0.07420942133758217,
            "min": 0.04975815883299219,
            "max": 0.08955270757141989,
            "count": 1582
        },
        "jumper.Losses.PolicyLoss.sum": {
            "value": 0.07420942133758217,
            "min": 0.04975815883299219,
            "max": 0.08955270757141989,
            "count": 1582
        },
        "jumper.Losses.ValueLoss.mean": {
            "value": 0.1672796613536775,
            "min": 0.12265069736167789,
            "max": 0.23746568858623504,
            "count": 1582
        },
        "jumper.Losses.ValueLoss.sum": {
            "value": 0.1672796613536775,
            "min": 0.12265069736167789,
            "max": 0.23746568858623504,
            "count": 1582
        },
        "jumper.Policy.LearningRate.mean": {
            "value": 0.00023404550198483998,
            "min": 0.00023404550198483998,
            "max": 0.0002999589200136933,
            "count": 1582
        },
        "jumper.Policy.LearningRate.sum": {
            "value": 0.00023404550198483998,
            "min": 0.00023404550198483998,
            "max": 0.0002999589200136933,
            "count": 1582
        },
        "jumper.Policy.Epsilon.mean": {
            "value": 0.17801515999999998,
            "min": 0.17801515999999998,
            "max": 0.1999863066666667,
            "count": 1582
        },
        "jumper.Policy.Epsilon.sum": {
            "value": 0.17801515999999998,
            "min": 0.17801515999999998,
            "max": 0.1999863066666667,
            "count": 1582
        },
        "jumper.Policy.Beta.mean": {
            "value": 0.004999999999999999,
            "min": 0.004999999999999999,
            "max": 0.005,
            "count": 1582
        },
        "jumper.Policy.Beta.sum": {
            "value": 0.004999999999999999,
            "min": 0.004999999999999999,
            "max": 0.005,
            "count": 1582
        }
    },
    "metadata": {
        "timer_format_version": "0.1.0",
        "start_time_seconds": "1714056413",
        "python_version": "3.9.18 (main, Sep 11 2023, 14:09:26) [MSC v.1916 64 bit (AMD64)]",
        "command_line_arguments": "C:\\Users\\User\\anaconda3\\envs\\VR\\Scripts\\mlagents-learn Config/jumper.yaml --run-id=JumperAgent --force",
        "mlagents_version": "0.30.0",
        "mlagents_envs_version": "0.30.0",
        "communication_protocol_version": "1.5.0",
        "pytorch_version": "1.7.1+cu110",
        "numpy_version": "1.21.2",
        "end_time_seconds": "1714062151"
    },
    "total": 5738.2426989,
    "count": 1,
    "self": 0.010000299999774143,
    "children": {
        "run_training.setup": {
            "total": 0.07956800000000008,
            "count": 1,
            "self": 0.07956800000000008
        },
        "TrainerController.start_learning": {
            "total": 5738.1531306,
            "count": 1,
            "self": 7.746869399932621,
            "children": {
                "TrainerController._reset_env": {
                    "total": 56.635004300000006,
                    "count": 1,
                    "self": 56.635004300000006
                },
                "TrainerController.advance": {
                    "total": 5673.699176800067,
                    "count": 451650,
                    "self": 7.40002770026058,
                    "children": {
                        "env_step": {
                            "total": 3311.657802599878,
                            "count": 451650,
                            "self": 2138.640643000418,
                            "children": {
                                "SubprocessEnvManager._take_step": {
                                    "total": 1168.0178670999057,
                                    "count": 451650,
                                    "self": 19.88142969963974,
                                    "children": {
                                        "TorchPolicy.evaluate": {
                                            "total": 1148.136437400266,
                                            "count": 412296,
                                            "self": 1148.136437400266
                                        }
                                    }
                                },
                                "workers": {
                                    "total": 4.999292499554002,
                                    "count": 451650,
                                    "self": 0.0,
                                    "children": {
                                        "worker_root": {
                                            "total": 5673.0874833000225,
                                            "count": 451650,
                                            "is_parallel": true,
                                            "self": 3950.5013565001336,
                                            "children": {
                                                "steps_from_proto": {
                                                    "total": 0.0038699000000050887,
                                                    "count": 1,
                                                    "is_parallel": true,
                                                    "self": 0.0010542000000128837,