{
    "name": "root",
    "gauges": {
        "jumper.Policy.Entropy.mean": {
            "value": 1.7047677040100098,
            "min": 1.3957698345184326,
            "max": 1.7633438110351562,
            "count": 17
        },
        "jumper.Policy.Entropy.sum": {
            "value": 3334.525634765625,
            "min": 357.31707763671875,
            "max": 3569.0078125,
            "count": 17
        },
        "jumper.IsTraining.mean": {
            "value": 1.0,
            "min": 1.0,
            "max": 1.0,
            "count": 17
        },
        "jumper.IsTraining.sum": {
            "value": 1.0,
            "min": 1.0,
            "max": 1.0,
            "count": 17
        },
        "jumper.Step.mean": {
            "value": 867938.0,
            "min": 837988.0,
            "max": 867938.0,
            "count": 16
        },
        "jumper.Step.sum": {
            "value": 867938.0,
            "min": 837988.0,
            "max": 867938.0,
            "count": 16
        },
        "jumper.Policy.ExtrinsicValueEstimate.mean": {
            "value": 0.8502764105796814,
            "min": 0.6572376489639282,
            "max": 0.9145180583000183,
            "count": 16
        },
        "jumper.Policy.ExtrinsicValueEstimate.sum": {
            "value": 51.01658630371094,
            "min": 42.063209533691406,
            "max": 57.61463928222656,
            "count": 16
        },
        "jumper.Environment.EpisodeLength.mean": {
            "value": 34.0,
            "min": 29.548387096774192,
            "max": 39.69387755102041,
            "count": 16
        },
        "jumper.Environment.EpisodeLength.sum": {
            "value": 1938.0,
            "min": 1832.0,
            "max": 1993.0,
            "count": 16
        },
        "jumper.Environment.CumulativeReward.mean": {
            "value": 4.544560675035443,
            "min": 3.7649993551895022,
            "max": 4.549387063298907,
            "count": 16
        },
        "jumper.Environment.CumulativeReward.sum": {
            "value": 259.03995847702026,
            "min": 222.91996610164642,
            "max": 269.2799543142319,
            "count": 16
        },
        "jumper.Policy.ExtrinsicReward.mean": {
            "value": 4.544560675035443,
            "min": 3.7649993551895022,
            "max": 4.549387063298907,
            "count": 16
        },
        "jumper.Policy.ExtrinsicReward.sum": {
            "value": 259.03995847702026,
            "min": 222.91996610164642,
            "max": 269.2799543142319,
            "count": 16
        },
        "jumper.Losses.PolicyLoss.mean": {
            "value": 0.06553693801397457,
            "min": 0.06370886979275384,
            "max": 0.07862841394696715,
            "count": 15
        },
        "jumper.Losses.PolicyLoss.sum": {
            "value": 0.06553693801397457,
            "min": 0.06370886979275384,
            "max": 0.07862841394696715,
            "count": 15
        },
        "jumper.Losses.ValueLoss.mean": {
            "value": 0.0951125031337142,
            "min": 0.08723033145070076,
            "max": 0.12456885082647204,
            "count": 15
        },
        "jumper.Losses.ValueLoss.sum": {
            "value": 0.0951125031337142,
            "min": 0.08723033145070076,
            "max": 0.12456885082647204,
            "count": 15
        },
        "jumper.Policy.LearningRate.mean": {
            "value": 0.00028265824578058667,
            "min": 0.00028265824578058667,
            "max": 0.00028323896558701334,
            "count": 15
        },
        "jumper.Policy.LearningRate.sum": {
            "value": 0.00028265824578058667,
            "min": 0.00028265824578058667,
            "max": 0.00028323896558701334,
            "count": 15
        },
        "jumper.Policy.Epsilon.mean": {
            "value": 0.1942194133333333,
            "min": 0.1942194133333333,
            "max": 0.19441298666666665,
            "count": 15
        },
        "jumper.Policy.Epsilon.sum": {
            "value": 0.1942194133333333,
            "min": 0.1942194133333333,
            "max": 0.19441298666666665,
            "count": 15
        },
        "jumper.Policy.Beta.mean": {
            "value": 0.004999999999999999,
            "min": 0.004999999999999999,
            "max": 0.004999999999999999,
            "count": 15
        },
        "jumper.Policy.Beta.sum": {
            "value": 0.004999999999999999,
            "min": 0.004999999999999999,
            "max": 0.004999999999999999,
            "count": 15
        }
    },
    "metadata": {
        "timer_format_version": "0.1.0",
        "start_time_seconds": "1714167893",
        "python_version": "3.9.18 (main, Sep 11 2023, 14:09:26) [MSC v.1916 64 bit (AMD64)]",
        "command_line_arguments": "C:\\Users\\User\\anaconda3\\envs\\VR\\Scripts\\mlagents-learn Config/jumper.yaml --run-id=JumperAgent --resume",
        "mlagents_version": "0.30.0",
        "mlagents_envs_version": "0.30.0",
        "communication_protocol_version": "1.5.0",
        "pytorch_version": "1.7.1+cu110",
        "numpy_version": "1.21.2",
        "end_time_seconds": "1714168020"
    },
    "total": 127.78122049999999,
    "count": 1,
    "self": 0.0074790999999834185,
    "children": {
        "run_training.setup": {
            "total": 0.07859749999999988,
            "count": 1,
            "self": 0.07859749999999988
        },
        "TrainerController.start_learning": {
            "total": 127.6951439,
            "count": 1,
            "self": 0.16099669999972832,
            "children": {
                "TrainerController._reset_env": {
                    "total": 8.1195512,
                    "count": 1,
                    "self": 8.1195512
                },
                "TrainerController.advance": {
                    "total": 119.31532400000026,
                    "count": 8711,
                    "self": 0.14452690000028667,
                    "children": {
                        "env_step": {
                            "total": 94.8667422999999,
                            "count": 8711,
                            "self": 68.63781190000007,
                            "children": {
                                "SubprocessEnvManager._take_step": {
                                    "total": 26.128755700000127,
                                    "count": 8711,
                                    "self": 0.4379315999998177,
                                    "children": {
                                        "TorchPolicy.evaluate": {
                                            "total": 25.69082410000031,
                                            "count": 8201,
                                            "self": 25.69082410000031
                                        }
                                    }
                                },
                                "workers": {
                                    "total": 0.10017469999969641,
                                    "count": 8710,
                                    "self": 0.0,
                                    "children": {
                                        "worker_root": {
                                            "total": 107.63800639999968,
                                            "count": 8710,
                                            "is_parallel": true,
                                            "self": 62.10849580000101,
                                            "children": {
                                                "steps_from_proto": {
                                                    "total": 0.0006411999999995643,
                                                    "count": 1,
                                                    "is_parallel": true,
                                                    "self": 0.00018359999999884025,