{
    "name": "root",
    "gauges": {
        "jumper.Policy.Entropy.mean": {
            "value": 1.7754312753677368,
            "min": 1.6468740701675415,
            "max": 2.1120493412017822,
            "count": 329
        },
        "jumper.Policy.Entropy.sum": {
            "value": 3643.18505859375,
            "min": 3250.956787109375,
            "max": 4562.0263671875,
            "count": 329
        },
        "jumper.Step.mean": {
            "value": 657998.0,
            "min": 1982.0,
            "max": 657998.0,
            "count": 329
        },
        "jumper.Step.sum": {
            "value": 657998.0,
            "min": 1982.0,
            "max": 657998.0,
            "count": 329
        },
        "jumper.Policy.ExtrinsicValueEstimate.mean": {
            "value": 0.865033745765686,
            "min": 0.10614552348852158,
            "max": 0.9328435063362122,
            "count": 329
        },
        "jumper.Policy.ExtrinsicValueEstimate.sum": {
            "value": 57.092227935791016,
            "min": 5.413421630859375,
            "max": 58.769142150878906,
            "count": 329
        },
        "jumper.Environment.EpisodeLength.mean": {
            "value": 29.62121212121212,
            "min": 26.86111111111111,
            "max": 50.63157894736842,
            "count": 329
        },
        "jumper.Environment.EpisodeLength.sum": {
            "value": 1955.0,
            "min": 1803.0,
            "max": 2100.0,
            "count": 329
        },
        "jumper.Environment.CumulativeReward.mean": {
            "value": 3.5890901892474205,
            "min": 2.4399996624802642,
            "max": 4.544261647296733,
            "count": 329
        },
        "jumper.Environment.CumulativeReward.sum": {
            "value": 236.87995249032974,
            "min": 106.39998733997345,
            "max": 277.19996048510075,
            "count": 329
        },
        "jumper.Policy.ExtrinsicReward.mean": {
            "value": 3.5890901892474205,
            "min": 2.4399996624802642,
            "max": 4.544261647296733,
            "count": 329
        },
        "jumper.Policy.ExtrinsicReward.sum": {
            "value": 236.87995249032974,
            "min": 106.39998733997345,
            "max": 277.19996048510075,
            "count": 329
        },
        "jumper.IsTraining.mean": {
            "value": 1.0,
            "min": 1.0,
            "max": 1.0,
            "count": 329
        },
        "jumper.IsTraining.sum": {
            "value": 1.0,
            "min": 1.0,
            "max": 1.0,
            "count": 329
        },
        "jumper.Losses.PolicyLoss.mean": {
            "value": 0.05891434856847114,
            "min": 0.053599392871547025,
            "max": 0.08431369337558862,
            "count": 315
        },
        "jumper.Losses.PolicyLoss.sum": {
            "value": 0.05891434856847114,
            "min": 0.053599392871547025,
            "max": 0.08431369337558862,
            "count": 315
        },
        "jumper.Losses.ValueLoss.mean": {
            "value": 0.13922873437404631,
            "min": 0.09843826722353696,
            "max": 0.2914060795679688,
            "count": 315
        },
        "jumper.Losses.ValueLoss.sum": {
            "value": 0.13922873437404631,
            "min": 0.09843826722353696,
            "max": 0.2914060795679688,
            "count": 315
        },
        "jumper.Policy.LearningRate.mean": {
            "value": 0.0002868530643823133,
            "min": 0.0002868530643823133,
            "max": 0.0002999579000140333,
            "count": 315
        },
        "jumper.Policy.LearningRate.sum": {
            "value": 0.0002868530643823133,
            "min": 0.0002868530643823133,
            "max": 0.0002999579000140333,
            "count": 315
        },
        "jumper.Policy.Epsilon.mean": {
            "value": 0.19561768666666662,
            "min": 0.19561768666666662,
            "max": 0.19998596666666665,
            "count": 315
        },
        "jumper.Policy.Epsilon.sum": {
            "value": 0.19561768666666662,
            "min": 0.19561768666666662,
            "max": 0.19998596666666665,
            "count": 315
        },
        "jumper.Policy.Beta.mean": {
            "value": 0.005,
            "min": 0.004999999999999999,
            "max": 0.005,
            "count": 315
        },
        "jumper.Policy.Beta.sum": {
            "value": 0.005,
            "min": 0.004999999999999999,
            "max": 0.005,
            "count": 315
        }
    },
    "metadata": {
        "timer_format_version": "0.1.0",
        "start_time_seconds": "1714065148",
        "python_version": "3.9.18 (main, Sep 11 2023, 14:09:26) [MSC v.1916 64 bit (AMD64)]",
        "command_line_arguments": "C:\\Users\\User\\anaconda3\\envs\\VR\\Scripts\\mlagents-learn Config/jumper.yaml --run-id=JumperAgent --force",
        "mlagents_version": "0.30.0",
        "mlagents_envs_version": "0.30.0",
        "communication_protocol_version": "1.5.0",
        "pytorch_version": "1.7.1+cu110",
        "numpy_version": "1.21.2",
        "end_time_seconds": "1714066358"
    },
    "total": 1210.6072992,
    "count": 1,
    "self": 0.006425899999840112,
    "children": {
        "run_training.setup": {
            "total": 0.07294829999999997,
            "count": 1,
            "self": 0.07294829999999997
        },
        "TrainerController.start_learning": {
            "total": 1210.527925,
            "count": 1,
            "self": 1.5811695000234067,
            "children": {
                "TrainerController._reset_env": {
                    "total": 5.7727222000000005,
                    "count": 1,
                    "self": 5.7727222000000005
                },
                "TrainerController.advance": {
                    "total": 1203.1021825999767,
                    "count": 80574,
                    "self": 1.329707599972835,
                    "children": {
                        "env_step": {
                            "total": 708.2055325000149,
                            "count": 80574,
                            "self": 488.8328744999882,
                            "children": {
                                "SubprocessEnvManager._take_step": {
                                    "total": 218.3828553000219,
                                    "count": 80574,
                                    "self": 4.346285700052874,
                                    "children": {
                                        "TorchPolicy.evaluate": {
                                            "total": 214.03656959996903,
                                            "count": 73285,
                                            "self": 214.03656959996903
                                        }
                                    }
                                },
                                "workers": {
                                    "total": 0.9898027000048346,
                                    "count": 80574,
                                    "self": 0.0,
                                    "children": {
                                        "worker_root": {
                                            "total": 1203.511332300013,
                                            "count": 80574,
                                            "is_parallel": true,
                                            "self": 802.4008463000256,
                                            "children": {
                                                "steps_from_proto": {
                                                    "total": 0.0006237999999996191,
                                                    "count": 1,
                                                    "is_parallel": true,
                                                    "self": 0.00020249999999943924,