{
    "name": "root",
    "gauges": {
        "jumper.Policy.Entropy.mean": {
            "value": 2.0678365230560303,
            "min": 1.716861367225647,
            "max": 2.116509199142456,
            "count": 466
        },
        "jumper.Policy.Entropy.sum": {
            "value": 4234.92919921875,
            "min": 3208.755859375,
            "max": 4663.451171875,
            "count": 466
        },
        "jumper.Environment.EpisodeLength.mean": {
            "value": 123.9375,
            "min": 52.10526315789474,
            "max": 279.5,
            "count": 466
        },
        "jumper.Environment.EpisodeLength.sum": {
            "value": 1983.0,
            "min": 1064.0,
            "max": 3135.0,
            "count": 466
        },
        "jumper.Step.mean": {
            "value": 931963.0,
            "min": 1954.0,
            "max": 931963.0,
            "count": 466
        },
        "jumper.Step.sum": {
            "value": 931963.0,
            "min": 1954.0,
            "max": 931963.0,
            "count": 466
        },
        "jumper.Policy.ExtrinsicValueEstimate.mean": {
            "value": -0.06325878947973251,
            "min": -0.2596725523471832,
            "max": -0.05424943193793297,
            "count": 466
        },
        "jumper.Policy.ExtrinsicValueEstimate.sum": {
            "value": -2.403834104537964,
            "min": -12.723955154418945,
            "max": -2.06147837638855,
            "count": 466
        },
        "jumper.Environment.CumulativeReward.mean": {
            "value": -0.9937499985098839,
            "min": -0.9947368408504286,
            "max": -0.9437499865889549,
            "count": 466
        },
        "jumper.Environment.CumulativeReward.sum": {
            "value": -15.899999976158142,
            "min": -37.799999952316284,
            "max": -7.699999928474426,
            "count": 466
        },
        "jumper.Policy.ExtrinsicReward.mean": {
            "value": -0.9937499985098839,
            "min": -0.9947368408504286,
            "max": -0.9437499865889549,
            "count": 466
        },
        "jumper.Policy.ExtrinsicReward.sum": {
            "value": -15.899999976158142,
            "min": -37.799999952316284,
            "max": -7.699999928474426,
            "count": 466
        },
        "jumper.IsTraining.mean": {
            "value": 1.0,
            "min": 1.0,
            "max": 1.0,
            "count": 466
        },
        "jumper.IsTraining.sum": {
            "value": 1.0,
            "min": 1.0,
            "max": 1.0,
            "count": 466
        },
        "jumper.Losses.PolicyLoss.mean": {
            "value": 0.06857085709343665,
            "min": 0.047340223762148526,
            "max": 0.09270303698140196,
            "count": 447
        },
        "jumper.Losses.PolicyLoss.sum": {
            "value": 0.06857085709343665,
            "min": 0.047340223762148526,
            "max": 0.09270303698140196,
            "count": 447
        },
        "jumper.Losses.ValueLoss.mean": {
            "value": 0.010040262393886223,
            "min": 0.005724563890544232,
            "max": 0.02052444459986873,
            "count": 447
        },
        "jumper.Losses.ValueLoss.sum": {
            "value": 0.010040262393886223,
            "min": 0.005724563890544232,
            "max": 0.02052444459986873,
            "count": 447
        },
        "jumper.Policy.LearningRate.mean": {
            "value": 0.00028139406620198,
            "min": 0.00028139406620198,
            "max": 0.00029995776001407994,
            "count": 447
        },
        "jumper.Policy.LearningRate.sum": {
            "value": 0.00028139406620198,
            "min": 0.00028139406620198,
            "max": 0.00029995776001407994,
            "count": 447
        },
        "jumper.Policy.Epsilon.mean": {
            "value": 0.19379802000000002,
            "min": 0.19379802000000002,
            "max": 0.19998592,
            "count": 447
        },
        "jumper.Policy.Epsilon.sum": {
            "value": 0.19379802000000002,
            "min": 0.19379802000000002,
            "max": 0.19998592,
            "count": 447
        },
        "jumper.Policy.Beta.mean": {
            "value": 0.004999999999999999,
            "min": 0.004999999999999999,
            "max": 0.005,
            "count": 447
        },
        "jumper.Policy.Beta.sum": {
            "value": 0.004999999999999999,
            "min": 0.004999999999999999,
            "max": 0.005,
            "count": 447
        }
    },
    "metadata": {
        "timer_format_version": "0.1.0",
        "start_time_seconds": "1713992998",
        "python_version": "3.9.18 (main, Sep 11 2023, 14:09:26) [MSC v.1916 64 bit (AMD64)]",
        "command_line_arguments": "C:\\Users\\User\\anaconda3\\envs\\VR\\Scripts\\mlagents-learn Config/jumper.yaml --run-id=JumperAgent --force",
        "mlagents_version": "0.30.0",
        "mlagents_envs_version": "0.30.0",
        "communication_protocol_version": "1.5.0",
        "pytorch_version": "1.7.1+cu110",
        "numpy_version": "1.21.2",
        "end_time_seconds": "1713994639"
    },
    "total": 1641.0721873,
    "count": 1,
    "self": 0.005288099999916085,
    "children": {
        "run_training.setup": {
            "total": 0.08445420000000015,
            "count": 1,
            "self": 0.08445420000000015
        },
        "TrainerController.start_learning": {
            "total": 1640.982445,
            "count": 1,
            "self": 2.577343999996174,
            "children": {
                "TrainerController._reset_env": {
                    "total": 11.5369011,
                    "count": 1,
                    "self": 11.5369011
                },
                "TrainerController.advance": {
                    "total": 1626.789271500004,
                    "count": 122584,
                    "self": 2.5735747999751766,
                    "children": {
                        "env_step": {
                            "total": 976.3243768000189,
                            "count": 122584,
                            "self": 625.2746464000161,
                            "children": {
                                "SubprocessEnvManager._take_step": {
                                    "total": 349.5375327000156,
                                    "count": 122584,
                                    "self": 6.781080400014787,
                                    "children": {
                                        "TorchPolicy.evaluate": {
                                            "total": 342.75645230000083,
                                            "count": 116562,
                                            "self": 342.75645230000083
                                        }
                                    }
                                },
                                "workers": {
                                    "total": 1.5121976999871318,
                                    "count": 122583,
                                    "self": 0.0,
                                    "children": {
                                        "worker_root": {
                                            "total": 1614.4555239999995,
                                            "count": 122583,
                                            "is_parallel": true,
                                            "self": 1130.1459374999838,
                                            "children": {
                                                "steps_from_proto": {
                                                    "total": 0.0009145000000003733,
                                                    "count": 1,
                                                    "is_parallel": true,
                                                    "self": 0.0003422000000004033,